Data;Histórico;Documento;Valor;Saldo
05/10/2026;PAGAMENTO — ALUGUEL DO GALPÃO (DEMO);1000;-6500,00;38500,00
05/10/2026;PAGAMENTO — FOLHA DE PAGAMENTO (DEMO);1001;-18000,00;20500,00
03/10/2026;RECEBIMENTO — VENDA Nº 20;1002;107,13;20607,13
27/09/2026;RECEBIMENTO — VENDA Nº 2;1003;114,06;20721,19
25/09/2026;RECEBIMENTO — VENDA Nº 18;1004;587,42;21308,61
24/09/2026;RECEBIMENTO — VENDA Nº 5;1005;14,95;21323,56
22/09/2026;RECEBIMENTO — VENDA Nº 13;1006;135,60;21459,16
19/09/2026;RECEBIMENTO — VENDA Nº 8;1007;302,10;21761,26
08/10/2026;TARIFA PACOTE DE SERVICOS;9001;-39,90;21721,36
